mode,Method,MAE_mean,MAE_std,RMSE_mean,RMSE_std,Spearman_mean,Spearman_std,Pearson_mean,Pearson_std,runs
final,BM25,266.28843993120256,13.024651612751526,315.1611658289394,20.33293319295428,0.4355125958115021,0.039649915830534364,0.41781070961710587,0.04078144040984308,15
final,DP-Embedding,5.179567450012963,0.09346616143618357,5.512961857527411,0.07981738391308965,0.02427505530855355,0.08613258825310773,0.026349497711259575,0.08676875993746076,15
final,DP-KER-v1,4.728779444863822,0.09320473268088703,5.077195179794944,0.07814705770664021,0.2688860495727249,0.06204860697910062,0.2923699885785663,0.049367510847827215,15
final,DP-KER-v2-HistGradientBoostingRegressor,1.140786691787361,0.04890804601978847,1.4200878931329899,0.051696567100491995,0.6644381751829593,0.03751948628317462,0.661788765813229,0.03406455942148295,8
final,DP-KER-v2-RandomForestRegressor,1.0734130208624506,0.03550484383985107,1.3488711308453951,0.04112120378476626,0.7030124369899393,0.040360571276729026,0.7046905526921317,0.03082673872987492,7
final,Embedding,5.104497994260219,0.08728638157877255,5.436638178308248,0.07357875477435771,0.3718912286913075,0.046274680597773336,0.25808867814147857,0.06766426030703808,15
final,KG-only,4.725305556703931,0.08679370222231692,5.061361566473796,0.07195976833967423,0.38178351904128566,0.0381914057648184,0.3965993141349899,0.03560439482218133,15
final,TF-IDF,5.1228865200024805,0.08980446390178355,5.454631270008954,0.07610702491573461,0.5144626054968886,0.028759472678063672,0.45899621213250225,0.04688763224275195,15
