Method,MAE_mean,MAE_std,RMSE_mean,RMSE_std,Spearman_mean,Spearman_std,Pearson_mean,Pearson_std,runs
BM25,0.29020613335586454,0.034112738434132185,0.3340476606550849,0.031805486046952845,0.42858000219221937,0.04492876589211889,0.40266851210853544,0.0405477471857943,15
DP-Embedding,0.2191674820216669,0.010248480722421098,0.2725466304976477,0.012460690804656895,-0.0005102914990026557,0.07931840431809004,0.008029999705118739,0.07902285501786822,15
DP-KER-v1,0.2023070662694338,0.011044412068345647,0.2533828848007843,0.012996628321862734,0.1291860866405712,0.05998852333992056,0.1254129281493666,0.06412861544915771,15
DP-KER-v2,0.24715391590636981,0.045261083424025926,0.29485602781785036,0.043790052427674184,0.527767044734938,0.04102934625115233,0.5212816382653824,0.041378770573798455,15
Embedding,0.36171732868638273,0.050360932480951824,0.39992947549202196,0.04560836116284168,0.4107646309110449,0.03942449037111776,0.3032356507031379,0.06325478700058526,15
KG-only,0.5178414110429448,0.009117549131162249,0.5512270531191,0.0077695195586812375,nan,nan,nan,nan,15
TF-IDF,0.3070683831250988,0.06175290106201626,0.3468287550035989,0.05708169063846852,0.49781264414035026,0.02500863667535419,0.4443329923784711,0.03696808587336949,15
